variable,spend_col,spend,spend_rows,spend_status,contribution,role,channel,outcome_per_cost,cost_per_outcome,signed_economics_flag,spend_share,contribution_share,efficiency_index,fair_share_index,kpi_value_per_outcome,value_contribution,value_per_cost,cost_per_value
display,display_spend,43909.2348339426,312,ok,6691.25285961287,media,Display,0.152388281984828,6.56218435548452,positive_economics,0.0410023009201097,0.0770614772053766,1.87944275018921,1.87944275018921,30,200737.585788386,4.57164845954483,0.218739478516151
paid_search,paid_search_spend,196231.04493548,312,ok,23495.1809074438,media,Paid Search,0.119732231539454,8.35196995113621,positive_economics,0.183239912622947,0.270588092532485,1.47668752216268,1.47668752216268,30,704855.427223315,3.59196694618361,0.278398998371207
tiktok,tiktok_spend,60813.7484545321,312,ok,7236.32275011542,media,Paid Social,0.118991559211742,8.40395744559102,positive_economics,0.0567876808521623,0.0833389101201939,1.46755262531593,1.46755262531593,30,217089.682503463,3.56974677635225,0.280131914853034
meta,meta_spend,108817.031462369,312,ok,11297.8619146577,media,Paid Social,0.103824390013476,9.63164820780746,positive_economics,0.101612990664189,0.130114635730005,1.28049213864799,1.28049213864799,30,338935.85743973,3.11473170040429,0.321054940260248
retail_media,retail_media_spend,145806.696861365,312,ok,12885.9645439895,media,Retail Media,0.0883770418051625,11.3151558320386,positive_economics,0.136153820112927,0.148404414511005,1.08997613425696,1.08997613425696,30,386578.936319684,2.65131125415488,0.377171861067952
tv,tv_spend,515319.091887645,312,ok,25223.4792325654,media,TV,0.0489473020302241,20.4301352377403,positive_economics,0.481203294827665,0.290492469900934,0.603679303577855,0.603679303577855,30,756704.376976962,1.46841906090672,0.681004507924677
