variable,current_spend,current_support,current_contribution,current_roi,current_mroi,cost_per_kpi,value_per_cost
tv,515319.091887645,28628.8384382025,35534.8879922892,0.0689570569996209,0.0357075586001113,14.5017789840639,2.06871170998863
paid_search,196231.04493548,21803.4494372756,22688.2382321364,0.115620024546046,0.0761944899419942,8.64902082425827,3.46860073638137
retail_media,145806.696861365,13255.154260124,16032.3819054357,0.10995641661562,0.0683050955075667,9.09451245119915,3.29869249846861
meta,108817.031462369,14508.9375283158,14242.3281662256,0.130883263169616,0.0789145093120454,7.64039630265074,3.92649789508849
tiktok,60813.7484545321,9808.6691055697,9906.06711532591,0.162891901372142,0.0880647314706262,6.13904062495657,4.88675704116427
display,43909.2348339426,10977.3087084857,7886.24468344324,0.17960332748379,0.125461896030638,5.5678255743355,5.3880998245137
