market,n,actual,pred,residual,rmse,mae,mape,smape,r_squared,bias,residual_share_of_actual
Midwest,78,67491.5285529394,67452.462770658,39.0657822814198,18.4007625745145,14.2061377645942,0.0164702907153786,0.0164750188963104,0.854530044193575,-0.500843362582309,0.000578824974319216
Northeast,78,81333.5809798039,81520.8514064015,-187.270426597621,16.8677841325274,13.231082010415,0.0128249822575862,0.0127929016457789,0.900705232548829,2.40090290509772,-0.00230249823432861
South,78,75475.4891378319,75505.3792295646,-29.8900917326654,17.2112577904988,13.2087100859746,0.0138471099251991,0.0138194117476823,0.908579820010676,0.383206304264938,-0.00039602382275497
West,78,63329.4570671861,63582.1868139814,-252.729746795314,18.4929641431281,14.976961533048,0.0185797586294463,0.0184638655352576,0.88329718387764,3.24012495891428,-0.00399071393470488
