variable,current_spend,current_support,current_contribution,current_roi,current_mroi,cost_per_kpi,value_per_cost
tv,515319.091887645,28628.8384382025,35534.8879922892,0.0689570569996209,0.0357075586001113,14.5017789840639,2.06871170998863
paid_search,196231.04493548,21803.4494372756,22688.2382321364,0.115620024546046,0.0761944899419942,8.64902082425827,3.46860073638137
retail_media,146914.360134389,13355.8509213081,16032.3819054357,0.109127398375286,0.0677901080986788,9.16360157841417,3.27382195125857
paid_social,139951.500226527,19993.0714609324,20237.5462260015,0.144603996336194,0.084607051912159,6.91543819905968,4.33811989008581
display,44200.9370404962,11050.234260124,7886.24468344324,0.178418042952754,0.124633915576808,5.6048143082973,5.35254128858263
