channel,role,spend,contribution,n_variables,outcome_per_cost,cost_per_outcome,signed_economics_flag,spend_share,contribution_share,efficiency_index,fair_share_index
Display,media,43909.2348339426,6691.25285961287,1,0.152388281984828,6.56218435548452,positive_economics,0.0410023009201097,0.0770614772053766,1.87944275018921,1.87944275018921
Paid Search,media,196231.04493548,23495.1809074438,1,0.119732231539454,8.35196995113621,positive_economics,0.183239912622947,0.270588092532485,1.47668752216268,1.47668752216268
Paid Social,media,169630.779916901,18534.1846647731,2,0.109261919763929,9.15231951040764,positive_economics,0.158400671516351,0.213453545850199,1.34755455142225,1.34755455142225
Retail Media,media,145806.696861365,12885.9645439895,1,0.0883770418051625,11.3151558320386,positive_economics,0.136153820112927,0.148404414511005,1.08997613425696,1.08997613425696
TV,media,515319.091887645,25223.4792325654,1,0.0489473020302241,20.4301352377403,positive_economics,0.481203294827665,0.290492469900934,0.603679303577854,0.603679303577854
