planning_group,variable_count,variables,current_spend,recommended_spend,current_support,recommended_support,current_contribution,expected_contribution,contribution_change,spend_change,spend_change_pct,current_share,recommended_share,target_budget_share,current_roi,expected_roi,current_cost_per_kpi,expected_cost_per_kpi,min_spend,max_spend,fixed_spend,min_share,max_share,min_violation,max_violation,group_constraint_ok,group_constraint_status
display,1,display,43909.2348339426,96600.3166346738,10977.3087084857,24150.0791586685,7886.24468344324,12551.4027829781,4665.15809953482,52691.0818007312,1.2,,,0.0835232055780012,0.17960332748379,0.129931279940265,5.5678255743355,7.69637611866629,,,,,,0,0,TRUE,ok
meta,1,meta,108817.031462369,156136.760501872,14508.9375283158,20818.2347335829,14242.3281662256,17401.1291495034,3158.8009832778,47319.7290395029,0.434855908156869,,,0.135,0.130883263169616,0.111447996574098,7.64039630265074,8.97279476293797,,,,,,0,0,TRUE,ok
paid_search,1,paid_search,196231.04493548,289142.14907754,21803.4494372756,32126.90545306,22688.2382321364,28756.9862952892,6068.74806315281,92911.1041420598,0.473478109300231,,,0.25,0.115620024546046,0.0994562238228967,8.64902082425827,10.0546749269379,,,,,,0,0,TRUE,ok
retail_media,1,retail_media,145806.696861365,190833.818391176,13255.154260124,17348.5289446524,16032.3819054357,18794.1172582634,2761.7353528277,45027.1215298119,0.308813809647059,,,0.165,0.10995641661562,0.0984842069225836,9.09451245119915,10.1539122997262,,,,,,0,0,TRUE,ok
tiktok,1,tiktok,60813.7484545321,88450.6587749478,9808.6691055697,14266.2352862819,9906.06711532591,11881.4788394878,1975.41172416192,27636.9103204156,0.4544516827651,,,0.0764767944219953,0.162891901372142,0.13432889029938,6.13904062495657,7.4444149562413,,,,,,0,0,TRUE,ok
tv,1,tv,515319.091887645,335404.892929946,28628.8384382025,18633.6051627748,35534.8879922892,27399.3516192206,-8135.53637306867,-179914.198957699,-0.3491316386099,0.481203294827665,0.290000000000001,0.29,0.0689570569996209,0.0816903754142409,14.5017789840639,12.2413441599348,,,,,,0,0,TRUE,ok
