scenario,variable,recommended_multiplier,recommended_spend,recommended_support,current_support,expected_contribution,contribution_vs_current,expected_roi,expected_mroi,cost_per_kpi,value_per_cost,current_spend,current_contribution,current_roi,current_mroi,min_multiplier,max_multiplier,locked,spend_change,spend_change_pct,contribution_change,total_budget,optimizer_basis
optimized,tv,0.655531479439932,337807.88668875,18767.1048160417,28628.8384382025,27527.6781133071,-8007.20987898211,0.0814891516688318,0.0534027579623888,12.2715720991176,2.44467455006495,515319.091887645,35534.8879922892,0.0689570569996209,0.0357075586001113,0,2.2,FALSE,-177511.205198895,-0.344468520560068,-8007.20987898211,1126026.2889625,response_curve_table_greedy_marginal_point_estimate
optimized,paid_search,1.48415358180825,291237.008202969,32359.6675781076,21803.4494372756,28870.8811228697,6182.64289073337,0.0991319108138519,0.0543687287598627,10.0875690964717,2.97395732441556,196231.04493548,22688.2382321364,0.115620024546046,0.0761944899419942,0,2.2,FALSE,95005.9632674884,0.48415358180825,6182.64289073337,1126026.2889625,response_curve_table_greedy_marginal_point_estimate
optimized,paid_social,1.48847895964589,208314.863458062,29759.2662082946,19993.0714609324,24974.2565858462,4736.7103598447,0.119887060247499,0.0551754230245491,8.34118376024543,3.59661180742496,139951.500226527,20237.5462260015,0.144603996336194,0.084607051912159,0,2.2,FALSE,68363.3632315358,0.488478959645894,4736.7103598447,1126026.2889625,response_curve_table_greedy_marginal_point_estimate
optimized,retail_media,1.30296636046007,191424.469123625,17402.2244657841,13355.8509213081,18748.9886502378,2716.60674480218,0.0979445769711365,0.0525316731642281,10.2098557258019,2.93833730913409,146914.360134389,16032.3819054357,0.109127398375286,0.0677901080986788,0,2.2,FALSE,44510.1089892362,0.302966360460073,2716.60674480218,1126026.2889625,response_curve_table_greedy_marginal_point_estimate
optimized,display,2.2,97242.0614890916,24310.5153722729,11050.234260124,12551.4027829781,4665.15809953482,0.129073803977161,,7.74750545181844,3.87221411931483,44200.9370404962,7886.24468344324,0.178418042952754,0.124633915576808,0,2.2,FALSE,53041.1244485954,1.2,4665.15809953482,1126026.2889625,response_curve_table_greedy_marginal_point_estimate
