variable,spend_col,spend,spend_rows,spend_status,contribution,role,channel,outcome_per_cost,cost_per_outcome,signed_economics_flag,spend_share,contribution_share,efficiency_index,fair_share_index,kpi_value_per_outcome,value_contribution,value_per_cost,cost_per_value
display,display_spend,44200.9370404962,312,ok,6708.12676374849,media,Display,0.151764356434404,6.58916245879003,positive_economics,0.0423942251363597,0.0786578781214629,1.85539133852458,1.85539133852458,30,201243.802912455,4.55293069303211,0.219638748626334
paid_social,paid_social_spend,139951.500226527,312,ok,16877.4884256278,media,Paid Social,0.120595266205148,8.29219944917962,positive_economics,0.134230987079274,0.197901362680511,1.47433440658254,1.47433440658254,30,506324.652768835,3.61785798615445,0.276406648305987
paid_search,paid_search_spend,196231.04493548,312,ok,23495.1809074438,media,Paid Search,0.119732231539454,8.35196995113621,positive_economics,0.188210107177503,0.275498830202,1.46378339789252,1.46378339789252,30,704855.427223315,3.59196694618361,0.278398998371207
retail_media,retail_media_spend,146914.360134389,312,ok,12978.0501535095,media,Retail Media,0.088337519502096,11.3202182451622,positive_economics,0.140909240308531,0.15217748906381,1.07996813218641,1.07996813218641,30,389341.504605286,2.65012558506288,0.377340608172074
tv,tv_spend,515319.091887645,312,ok,25223.4792325654,media,TV,0.0489473020302241,20.4301352377403,positive_economics,0.494255440298332,0.295764439932216,0.598404015044716,0.598404015044716,30,756704.376976962,1.46841906090672,0.681004507924677
