variable,role,draw_n,contribution_q05,contribution_q50,contribution_q95,contribution_mean,roi_q05,roi_q50,roi_q95,cost_per_kpi_q50,probability_contribution_positive
baseline,baseline_control,80,200426.672774019,201163.34770472,202249.854654062,201278.271865795,,,,,1
promo,baseline_control,80,1783.05733340909,1800.08354741543,1816.61169828473,1799.21787517493,,,,,1
display,media,80,6726.05424255812,6832.36484172119,6924.97297848194,6826.76953470957,0.152169946903972,0.154575113090057,0.156670275386637,6.46934826614428,1
paid_search,media,80,23530.8437234472,23868.185056873,24326.9624598491,23871.1501018112,0.119913970448376,0.121633073221012,0.123971018285347,8.22144818719988,1
paid_social,media,80,16886.3330190622,17172.8777259045,17477.9865091751,17171.7793559465,0.120658463765875,0.122705920966251,0.124886024664867,8.14956639771446,1
retail_media,media,80,12959.0721247876,13193.557381017,13380.7575617975,13183.8005543257,0.088208342009136,0.0898044096502772,0.0910786226040634,11.1353109284883,1
tv,media,80,25245.9606116129,25644.4928223259,26035.8905747513,25648.5364847128,0.0489909281628503,0.04976429793895,0.0505238229761298,20.0947274201779,1
