planning_group,variable_count,variables,current_spend,recommended_spend,current_support,recommended_support,current_contribution,expected_contribution,contribution_change,spend_change,spend_change_pct,current_share,recommended_share,target_budget_share,current_roi,expected_roi,current_cost_per_kpi,expected_cost_per_kpi,min_spend,max_spend,fixed_spend,min_share,max_share,min_violation,max_violation,group_constraint_ok,group_constraint_status
display,1,display,44200.9370404962,97242.0614890916,11050.234260124,24310.5153722729,7886.24468344324,12551.4027829781,4665.15809953482,53041.1244485954,1.2,,,0.0863586067592513,0.178418042952754,0.129073803977161,5.6048143082973,7.74750545181844,,,,,,0,0,TRUE,ok
paid_search,1,paid_search,196231.04493548,291237.008202969,21803.4494372756,32359.6675781076,22688.2382321364,28870.8811228697,6182.64289073337,95005.9632674884,0.48415358180825,,,0.258641393240747,0.115620024546046,0.0991319108138519,8.64902082425827,10.0875690964717,,,,,,0,0,TRUE,ok
paid_social,1,paid_social,139951.500226527,208314.863458062,19993.0714609324,29759.2662082946,20237.5462260015,24974.2565858462,4736.7103598447,68363.3632315358,0.488478959645894,,,0.185,0.144603996336194,0.119887060247499,6.91543819905968,8.34118376024543,,,,,,0,0,TRUE,ok
retail_media,1,retail_media,146914.360134389,191424.469123625,13355.8509213081,17402.2244657841,16032.3819054357,18748.9886502378,2716.60674480218,44510.1089892362,0.302966360460073,,,0.17,0.109127398375286,0.0979445769711365,9.16360157841417,10.2098557258019,,,,,,0,0,TRUE,ok
tv,1,tv,515319.091887645,337807.88668875,28628.8384382025,18767.1048160417,35534.8879922892,27527.6781133071,-8007.20987898211,-177511.205198895,-0.344468520560068,0.494255440298332,0.300000000000001,0.3,0.0689570569996209,0.0814891516688318,14.5017789840639,12.2715720991176,,,,,,0,0,TRUE,ok
