n,actual,pred,residual,rmse,mae,mape,smape,r_squared,bias,residual_share_of_actual,grain
312,289937.426063288,289608.616946095,328.809117192847,18.2006379587637,14.4213775276114,0.0156417773800167,0.0156462025668806,0.969919740252609,-1.0538753756181,0.0011340692426547,overall
