variable,role,draw_n,coef_q05,coef_q50,coef_q95,coef_mean,probability_coef_positive
display,media,400,0.52343808431176,0.712441255089045,0.911250497887391,0.707963058331831,1
meta,media,400,0.751151963287723,1.0093100864257,1.26873106402115,1.00967332699328,1
paid_search,media,400,1.2301926937498,1.55000301376631,1.86964462401907,1.54591944915295,1
retail_media,media,400,0.728640387449371,0.95408767726788,1.16535008864974,0.954907676252735,1
tiktok,media,400,0.607232793024907,0.871873704564758,1.13932386428045,0.872179797759801,1
tv,media,400,0.993163571488061,1.26757852484085,1.51169155661807,1.26021565808741,1
