scenario_type,scenario,draw_n,custom_quantile,spend_q05,spend_q50,spend_q95,spend_q_custom,contribution_q05,contribution_q50,contribution_q95,contribution_q_custom,contribution_vs_current_q05,contribution_vs_current_q50,contribution_vs_current_q95,contribution_vs_current_q_custom,incremental_contribution_q05,q05_incremental_contribution,mean_incremental_contribution,incremental_contribution_q_custom,roi_q05,roi_q50,roi_q95,roi_q_custom,incremental_roi_q05,q05_incremental_roi,incremental_roi_q_custom,cost_per_kpi_q05,cost_per_kpi_q50,cost_per_kpi_q95,cost_per_kpi_q_custom,expected_profit,profit_q05,q05_profit,profit_q_custom,expected_incremental_profit,incremental_profit_q05,incremental_profit_q_custom,probability_profit_positive,probability_incremental_contribution_positive,value_per_cost_q05,value_per_cost_q50,value_per_cost_q95,value_per_cost_q_custom
optimized,optimized,12,0.2,1126026.2889625,1126026.2889625,1126026.2889625,1126026.2889625,96232.2207384589,119386.728363148,133373.707068238,101502.545081139,7788.75745342463,10981.8128436353,12806.7556897301,9002.15216895056,7788.75745342463,7788.75745342463,10598.4546073417,9002.15216895056,0.0854617886649215,0.106024814458949,0.118446352785534,0.0901422516295436,0.0933799029844292,0.0933799029844292,0.107927368545552,8.44264071018429,9.4324683254515,11.7011358599198,8.89406113994288,2367643.93437561,1760940.33319127,1760940.33319127,1919050.06347166,234544.283482289,150253.368864778,186655.210330556,1,1,2.56385365994765,3.18074443376847,3.55339058356602,2.70426754888631
