n,actual,pred,residual,rmse,mae,mape,smape,r_squared,bias,residual_share_of_actual,grain
312,287630.055737761,288060.880220605,-430.824482844181,17.7575851567381,13.9057228485079,0.0154305353819025,0.0153877994562573,0.970910308023531,1.38084770142366,-0.00149784236469701,overall
