channel,role,contribution,avg_row_contribution,n_variables,n_rows,share_of_model_contribution,share_of_absolute_contribution,share_of_actual_kpi
Baseline,baseline_control,200978.55473771,644.162034415738,1,312,0.693966073444281,0.693966073444281,0.693179067864942
TV,media,25223.4792325654,80.844484719761,1,312,0.0870950578009227,0.0870950578009227,0.0869962859746834
Paid Search,media,23495.1809074438,75.3050670110379,1,312,0.0811273544109256,0.0811273544109256,0.0810353503735502
Paid Social,media,18534.1846647731,29.7022190140594,2,624,0.0639973522204378,0.0639973522204378,0.0639247747916733
Retail Media,media,12885.9645439895,41.3011684102227,1,312,0.0444944100071026,0.0444944100071026,0.0444439502652435
Display,media,6691.25285961286,21.4463232679899,1,312,0.0231044674366796,0.0231044674366796,0.0230782653707917
Promo,baseline_control,1800,5.76923076923077,1,312,0.00621528467965107,0.00621528467965107,0.00620823611646154
