variable,role,contribution,avg_row_contribution,min_row_contribution,max_row_contribution,n_rows,share_of_model_contribution,share_of_absolute_contribution,share_of_actual_kpi
baseline,baseline_control,200978.55473771,644.162034415738,505.57938271687,787.287283949797,312,0.697694718504627,0.697694718504627,0.698739755211628
tv,media,25223.4792325654,80.8444847197609,30.4529747581954,112.745158227737,312,0.0875630151975115,0.0875630151975115,0.0876941707912549
paid_search,media,23495.1809074438,75.305067011038,54.6455324755261,91.538513443865,312,0.0815632476351893,0.0815632476351893,0.0816854165228996
paid_social,media,16877.4884256278,54.0945141847046,33.9713231067788,73.4740521760772,312,0.0585900050458173,0.0585900050458173,0.0586777636375227
retail_media,media,12978.0501535095,41.5963145945818,25.386910525272,58.5773005569002,312,0.0450531503742215,0.0450531503742215,0.045120632891515
display,media,6708.12676374849,21.5004062940657,11.0239422313144,31.4300076142854,312,0.0232871841487508,0.0232871841487508,0.0233220646797233
promo,baseline_control,1800,5.76923076923077,0,25,312,0.00624867909388289,0.00624867909388289,0.0062580386301531
