scenario_type,scenario,draw_n,custom_quantile,spend_q05,spend_q50,spend_q95,spend_q_custom,contribution_q05,contribution_q50,contribution_q95,contribution_q_custom,contribution_vs_current_q05,contribution_vs_current_q50,contribution_vs_current_q95,contribution_vs_current_q_custom,incremental_contribution_q05,q05_incremental_contribution,mean_incremental_contribution,incremental_contribution_q_custom,roi_q05,roi_q50,roi_q95,roi_q_custom,incremental_roi_q05,q05_incremental_roi,incremental_roi_q_custom,cost_per_kpi_q05,cost_per_kpi_q50,cost_per_kpi_q95,cost_per_kpi_q_custom,expected_profit,profit_q05,q05_profit,profit_q_custom,expected_incremental_profit,incremental_profit_q05,incremental_profit_q_custom,probability_profit_positive,probability_incremental_contribution_positive,value_per_cost_q05,value_per_cost_q50,value_per_cost_q95,value_per_cost_q_custom
optimized,optimized,12,0.2,1156568.59631016,1156568.59631016,1156568.59631016,1156568.59631016,87204.1102900315,118616.625796432,154689.487441711,105168.890953965,7804.63286618334,9984.30139355759,13756.3245964605,8694.72926296227,7804.63286618334,7804.63286618334,10216.1438274363,8694.72926296227,0.0753989954147485,0.102559092625253,0.133748649181054,0.0909318230578707,0.0910992603721237,0.0910992603721237,0.101488874438122,7.4767110256666,9.75051669179488,13.2627761749249,8.55755450501858,2421382.74828373,1459554.71239079,1459554.71239079,1998498.13230879,220812.566948268,148467.238110678,175170.130014046,1,1,2.26196986244245,3.07677277875759,4.01245947543162,2.72795469173612
