rollup_level,rollup_node,rollup_node_path,is_reporting_channel,is_root_node,is_leaf_node,role,spend,contribution,n_variables,variables,outcome_per_cost,cost_per_outcome,signed_economics_flag,spend_share,contribution_share,efficiency_index,fair_share_index
1,Media,Media,FALSE,TRUE,FALSE,media,1070896.84843533,86830.0622083847,6,display|meta|paid_search|retail_media|tiktok|tv,0.0810816301637738,12.3332498123205,positive_economics,1,1,1,1
2,Display,Media > Display,TRUE,FALSE,TRUE,media,43909.2348339426,6691.25285961287,1,display,0.152388281984828,6.56218435548452,positive_economics,0.0410023009201097,0.0770614772053766,1.87944275018921,1.87944275018921
2,Paid Search,Media > Paid Search,TRUE,FALSE,TRUE,media,196231.04493548,23495.1809074438,1,paid_search,0.119732231539454,8.35196995113621,positive_economics,0.183239912622947,0.270588092532485,1.47668752216268,1.47668752216268
2,Paid Social,Media > Paid Social,TRUE,FALSE,FALSE,media,169630.779916901,18534.1846647731,2,meta|tiktok,0.109261919763929,9.15231951040764,positive_economics,0.158400671516351,0.213453545850199,1.34755455142225,1.34755455142225
2,Retail Media,Media > Retail Media,TRUE,FALSE,TRUE,media,145806.696861365,12885.9645439895,1,retail_media,0.0883770418051625,11.3151558320386,positive_economics,0.136153820112927,0.148404414511005,1.08997613425696,1.08997613425696
2,TV,Media > TV,TRUE,FALSE,TRUE,media,515319.091887645,25223.4792325654,1,tv,0.0489473020302241,20.4301352377403,positive_economics,0.481203294827665,0.290492469900934,0.603679303577855,0.603679303577855
3,Meta,Media > Paid Social > Meta,FALSE,FALSE,TRUE,media,108817.031462369,11297.8619146577,1,meta,0.103824390013476,9.63164820780746,positive_economics,0.101612990664189,0.130114635730005,1.28049213864799,1.28049213864799
3,TikTok,Media > Paid Social > TikTok,FALSE,FALSE,TRUE,media,60813.7484545321,7236.32275011542,1,tiktok,0.118991559211742,8.40395744559102,positive_economics,0.0567876808521623,0.0833389101201939,1.46755262531593,1.46755262531593
